molecule,nu_cm1,S_cm_per_molec,iso,elower
N2O,1295.0132,5.613e-27,1,3813.1
N2O,1295.0152,5.616e-27,1,3813.0
N2O,1295.0183,2.121e-28,1,4656.7
N2O,1295.0296,2.541e-27,1,3320.1
N2O,1295.0296,1.664e-28,1,3403.7
N2O,1295.0301,2.541e-27,1,3320.1
N2O,1295.0302,8.341e-25,1,1737.0
N2O,1295.0332,7.606e-26,1,2915.5
N2O,1295.0408,3.495e-26,1,3481.0
N2O,1295.0437,5.167e-27,1,3712.7
N2O,1295.0437,5.167e-27,1,3712.7
N2O,1295.0526,4.803e-27,1,3811.9
N2O,1295.0527,4.803e-27,1,3811.9
N2O,1295.0552,7.613e-26,1,2915.4
N2O,1295.0837,1.175e-24,1,1677.5
N2O,1295.0902,1.367e-28,1,3568.6
N2O,1295.0980,1.034e-28,1,3623.8
N2O,1295.0996,2.923e-27,1,3300.0
N2O,1295.1000,2.923e-27,1,3300.0
N2O,1295.1105,9.801e-26,1,3293.4
N2O,1295.1308,1.130e-24,1,2877.4
N2O,1295.1347,9.946e-25,1,1706.8
N2O,1295.1501,3.726e-28,1,4372.1
N2O,1295.1583,6.428e-27,1,3574.4
N2O,1295.1583,6.428e-27,1,3574.4
N2O,1295.1589,3.329e-27,1,3949.2
N2O,1295.1589,8.651e-26,1,2001.6
N2O,1295.1667,3.355e-27,1,3280.7
N2O,1295.1670,3.355e-27,1,3280.7
N2O,1295.1942,5.863e-22,1,1460.1
N2O,1295.1999,1.393e-24,1,1649.0
N2O,1295.2021,2.062e-28,1,2437.0
N2O,1295.2134,1.914e-24,1,2508.0
N2O,1295.2167,1.854e-28,1,3200.2
N2O,1295.2309,3.842e-27,1,3262.3
N2O,1295.2311,3.843e-27,1,3262.3
N2O,1295.2369,1.182e-24,1,1677.4
N2O,1295.2654,5.676e-27,1,3504.8
N2O,1295.2663,5.676e-27,1,3504.8
N2O,1295.2717,2.099e-28,1,3361.7
N2O,1295.2908,1.378e-28,1,3568.5
N2O,1295.2921,4.392e-27,1,3244.7
N2O,1295.2923,4.392e-27,1,3244.7
N2O,1295.2965,1.815e-28,1,3514.1
N2O,1295.3124,1.646e-24,1,1621.3
N2O,1295.3177,9.964e-26,1,1981.4
N2O,1295.3215,9.535e-26,1,3324.6
N2O,1295.3322,8.154e-26,1,3063.8
N2O,1295.3365,1.400e-24,1,1648.9
N2O,1295.3499,1.342e-28,1,4377.2
N2O,1295.3499,1.342e-28,1,4377.2
N2O,1295.3506,5.012e-27,1,3228.0
N2O,1295.3507,5.012e-27,1,3228.0
N2O,1295.3510,3.515e-28,1,4060.8
N2O,1295.3533,3.335e-23,1,1935.4
N2O,1295.3627,8.154e-26,1,3063.8
N2O,1295.3640,2.015e-28,1,4293.0
N2O,1295.3640,2.015e-28,1,4293.0
N2O,1295.3664,1.082e-24,1,2348.8
N2O,1295.3665,1.082e-24,1,2348.8
N2O,1295.3841,3.520e-28,1,4060.7
N2O,1295.3860,5.153e-27,1,3940.5
N2O,1295.3950,8.357e-25,1,2483.2
N2O,1295.3950,8.357e-25,1,2483.2
N2O,1295.4010,3.334e-23,1,1935.5
N2O,1295.4060,5.712e-27,1,3212.0
N2O,1295.4061,5.712e-27,1,3212.0
N2O,1295.4211,1.938e-24,1,1594.4
N2O,1295.4300,1.877e-27,1,4273.6
N2O,1295.4322,4.995e-27,1,3484.3
N2O,1295.4337,1.653e-24,1,1621.2
N2O,1295.4465,3.916e-28,1,4098.6
N2O,1295.4465,3.916e-28,1,4098.6
N2O,1295.4586,6.501e-27,1,3197.0
N2O,1295.4587,6.501e-27,1,3197.0
N2O,1295.4600,5.458e-24,1,1751.6
N2O,1295.4647,3.056e-26,1,3513.7
N2O,1295.4657,5.459e-24,1,1751.6
N2O,1295.4700,1.145e-25,1,1962.1
N2O,1295.4766,1.657e-19,1,65.4
N2O,1295.4812,1.829e-28,1,3514.0
N2O,1295.4925,1.266e-27,1,3634.1
N2O,1295.4925,1.266e-27,1,3634.1
N2O,1295.4994,2.401e-28,1,3460.4
N2O,1295.5074,2.636e-28,1,3320.5
N2O,1295.5083,7.393e-27,1,3182.7
N2O,1295.5083,7.393e-27,1,3182.7
H2O,1295.5098,4.733e-30,1,4792.3
H2O,1295.5212,2.944e-25,1,3211.2
N2O,1295.5260,2.274e-24,1,1568.4
N2O,1295.5284,1.945e-24,1,1594.3
N2O,1295.5331,1.219e-22,1,1169.0
N2O,1295.5349,5.750e-28,1,4241.2
N2O,1295.5350,5.750e-28,1,4241.2
N2O,1295.5369,1.031e-26,1,1244.5
N2O,1295.5378,2.024e-28,1,4675.1
N2O,1295.5431,3.434e-28,1,4448.9
N2O,1295.5550,8.404e-27,1,3169.3
N2O,1295.5550,8.404e-27,1,3169.3
N2O,1295.5586,1.147e-27,1,3674.8
N2O,1295.5586,1.147e-27,1,3674.8
N2O,1295.5807,8.979e-28,1,2067.3
N2O,1295.5918,9.539e-26,1,3060.4
N2O,1295.5918,9.539e-26,1,3060.4
N2O,1295.5933,5.428e-28,1,1254.2
N2O,1295.5969,1.536e-24,1,2422.0
N2O,1295.5969,1.536e-24,1,2422.0
N2O,1295.5989,9.555e-27,1,3156.7
N2O,1295.5989,9.555e-27,1,3156.7
N2O,1295.6157,1.313e-25,1,1943.6
N2O,1295.6206,2.282e-24,1,1568.3
N2O,1295.6271,2.661e-24,1,1543.2
N2O,1295.6369,3.385e-28,1,4398.0
N2O,1295.6382,4.680e-21,1,597.2
N2O,1295.6398,1.087e-26,1,3145.0
N2O,1295.6398,1.087e-26,1,3145.0
N2O,1295.6496,4.680e-21,1,597.2
N2O,1295.6691,2.418e-28,1,3460.3
N2O,1295.6752,2.676e-28,1,4449.4
N2O,1295.6778,1.239e-26,1,3134.1
N2O,1295.6778,1.239e-26,1,3134.1
H2O,1295.6978,8.497e-30,1,3994.3
N2O,1295.6989,3.163e-28,1,3407.6
H2O,1295.6989,2.549e-29,1,3994.3
N2O,1295.7101,2.670e-24,1,1543.1
N2O,1295.7129,1.415e-26,1,3124.0
N2O,1295.7129,1.415e-26,1,3124.0
N2O,1295.7246,3.105e-24,1,1518.8
N2O,1295.7361,5.062e-27,1,3840.6
N2O,1295.7367,3.299e-28,1,3280.1
N2O,1295.7373,3.034e-26,1,3515.1
N2O,1295.7387,5.065e-27,1,3840.5
N2O,1295.7450,1.621e-26,1,3114.8
N2O,1295.7451,1.621e-26,1,3114.8
N2O,1295.7548,1.503e-25,1,1925.9
N2O,1295.7649,9.637e-26,1,3308.1
N2O,1295.7743,1.868e-26,1,3106.4
N2O,1295.7743,1.868e-26,1,3106.4
N2O,1295.7779,2.276e-28,1,4206.3
N2O,1295.7971,3.113e-24,1,1518.8
N2O,1295.8006,2.168e-26,1,3098.9
N2O,1295.8006,2.168e-26,1,3098.9
N2O,1295.8028,2.018e-28,1,4675.8
N2O,1295.8056,2.276e-28,1,4206.4
N2O,1295.8094,5.154e-27,1,3638.5
N2O,1295.8184,3.612e-24,1,1495.3
N2O,1295.8240,2.541e-26,1,3092.2
N2O,1295.8240,2.541e-26,1,3092.2
N2O,1295.8294,2.740e-28,1,4339.0
N2O,1295.8294,2.740e-28,1,4339.0
N2O,1295.8357,6.718e-25,1,2327.6
N2O,1295.8445,3.022e-26,1,3086.3
N2O,1295.8445,3.022e-26,1,3086.3
N2O,1295.8470,7.632e-28,1,2089.6
N2O,1295.8502,2.931e-27,1,3980.8
N2O,1295.8537,1.737e-23,1,1790.5
N2O,1295.8537,1.737e-23,1,1790.5
N2O,1295.8540,5.039e-27,1,3821.1
N2O,1295.8542,5.040e-27,1,3821.1
N2O,1295.8546,3.184e-28,1,3407.5
N2O,1295.8604,3.863e-28,1,4183.2
N2O,1295.8604,3.863e-28,1,4183.2
N2O,1295.8621,3.669e-26,1,3081.3
N2O,1295.8621,3.669e-26,1,3081.3
N2O,1295.8665,3.359e-28,1,4399.7
N2O,1295.8693,8.821e-26,1,2952.0
N2O,1295.8693,8.821e-26,1,2952.0
N2O,1295.8767,4.596e-26,1,3077.1
N2O,1295.8767,4.596e-26,1,3077.1
N2O,1295.8787,1.045e-24,1,2900.7
N2O,1295.8814,3.620e-24,1,1495.3
N2O,1295.8873,1.717e-25,1,1909.0
N2O,1295.8884,6.056e-26,1,3073.8
N2O,1295.8884,6.056e-26,1,3073.8
N2O,1295.8950,4.152e-28,1,3355.6
N2O,1295.8950,6.417e-26,1,2910.5
N2O,1295.8969,9.622e-26,1,3308.4
N2O,1295.9086,4.189e-24,1,1472.6
N2O,1295.9140,6.421e-26,1,2910.4
N2O,1295.9457,5.273e-27,1,3695.8
N2O,1295.9457,5.273e-27,1,3695.8
N2O,1295.9556,5.642e-22,1,1477.6
N2O,1295.9596,4.113e-28,1,3240.6
N2O,1295.9614,7.884e-26,1,3367.7
N2O,1295.9630,4.198e-24,1,1472.6
N2O,1295.9952,4.846e-24,1,1450.8
N2O,1296.0057,1.997e-24,1,2517.2
N2O,1296.0132,1.958e-25,1,1893.0
N2O,1296.0256,1.166e-28,1,4235.2
N2O,1296.0256,1.166e-28,1,4235.2
N2O,1296.0377,4.177e-28,1,3355.5
N2O,1296.0419,4.855e-24,1,1450.7
N2O,1296.0423,6.147e-27,1,3563.4
N2O,1296.0423,6.147e-27,1,3563.4
N2O,1296.0457,1.415e-28,1,4230.2
N2O,1296.0457,1.415e-28,1,4230.2
N2O,1296.0626,1.773e-28,1,4226.0
N2O,1296.0626,1.773e-28,1,4226.0
N2O,1296.0760,2.336e-28,1,4222.7
N2O,1296.0760,2.336e-28,1,4222.7
N2O,1296.0782,5.591e-24,1,1429.8
N2O,1296.0851,1.685e-28,1,2423.5
N2O,1296.0877,5.429e-28,1,3304.4
N2O,1296.1065,1.144e-28,1,3316.2
N2O,1296.1181,5.600e-24,1,1429.8
H2O,1296.1270,1.736e-26,1,3939.8
N2O,1296.1288,4.929e-27,1,3958.9
N2O,1296.1326,2.231e-25,1,1877.9
N2O,1296.1341,5.029e-27,1,3498.0
N2O,1296.1346,5.029e-27,1,3498.0
N2O,1296.1383,9.105e-26,1,3069.6
N2O,1296.1458,2.641e-26,1,3548.6
N2O,1296.1459,3.446e-23,1,1945.4
N2O,1296.1576,6.435e-24,1,1409.6
N2O,1296.1662,1.663e-28,1,4382.2
N2O,1296.1662,1.663e-28,1,4382.2
N2O,1296.1742,9.104e-26,1,3069.7
N2O,1296.1761,5.107e-28,1,3201.9
N2O,1296.1877,1.693e-27,1,4300.9
N2O,1296.1914,6.443e-24,1,1409.6
N2O,1296.1998,3.444e-23,1,1945.5
N2O,1296.2142,1.040e-24,1,2487.4
N2O,1296.2142,1.040e-24,1,2487.4
N2O,1296.2182,5.458e-28,1,3304.3
N2O,1296.2189,3.078e-28,1,4054.9
N2O,1296.2253,8.739e-25,1,2343.7
N2O,1296.2254,8.739e-25,1,2343.7
N2O,1296.2277,1.638e-28,1,4285.5
N2O,1296.2277,1.638e-28,1,4285.5
N2O,1296.2335,7.389e-24,1,1390.3
N2O,1296.2453,2.540e-25,1,1863.6
N2O,1296.2483,3.082e-28,1,4054.8
N2O,1296.2620,7.397e-24,1,1390.3
N2O,1296.2651,1.693e-19,1,76.3
N2O,1296.2771,7.070e-28,1,3254.1
N2O,1296.2814,5.351e-28,1,4263.7
N2O,1296.2815,5.351e-28,1,4263.7
N2O,1296.2935,4.267e-27,1,3479.2
N2O,1296.3006,1.915e-28,1,4694.9
N2O,1296.3059,8.466e-24,1,1371.8
N2O,1296.3088,3.402e-28,1,4463.1
N2O,1296.3168,2.252e-27,1,3636.6
N2O,1296.3169,2.252e-27,1,3636.6
N2O,1296.3169,1.005e-28,1,3231.8
N2O,1296.3230,3.588e-28,1,4090.2
N2O,1296.3230,3.588e-28,1,4090.2
N2O,1296.3297,8.474e-24,1,1371.8
N2O,1296.3391,3.038e-28,1,4426.3
N2O,1296.3491,1.294e-28,1,3182.5
N2O,1296.3514,2.890e-25,1,1850.1
N2O,1296.3577,1.343e-28,1,3290.1
N2O,1296.3623,1.815e-22,1,1170.7
N2O,1296.3722,8.974e-28,1,1266.0
N2O,1296.3749,9.681e-24,1,1354.2
N2O,1296.3804,1.660e-28,1,3133.9
N2O,1296.3848,1.978e-28,1,4463.6
N2O,1296.3863,6.318e-28,1,3164.1
N2O,1296.3945,9.688e-24,1,1354.2
H2O,1296.3956,1.062e-25,1,2756.4
N2O,1296.3962,7.105e-28,1,3254.0
N2O,1296.4087,7.754e-27,1,1233.6
N2O,1296.4108,2.122e-28,1,3086.3
N2O,1296.4305,2.622e-26,1,3550.0
N2O,1296.4403,2.704e-28,1,3039.4
N2O,1296.4403,1.105e-23,1,1337.4
N2O,1296.4508,3.289e-25,1,1837.5
N2O,1296.4557,4.543e-27,1,3868.9
N2O,1296.4559,5.574e-21,1,601.3
N2O,1296.4564,1.106e-23,1,1337.4
N2O,1296.4589,4.546e-27,1,3868.8
N2O,1296.4631,9.172e-28,1,3204.6
H2O,1296.4668,9.795e-26,1,3211.1
N2O,1296.4689,3.431e-28,1,2993.4
N2O,1296.4703,5.575e-21,1,601.4
N2O,1296.4730,1.444e-24,1,2411.8
N2O,1296.4730,1.444e-24,1,2411.8
N2O,1296.4763,1.429e-28,1,4463.6
N2O,1296.4807,9.410e-26,1,3047.0
N2O,1296.4807,9.410e-26,1,3047.0
H2O,1296.4901,1.724e-22,1,2009.8
H2O,1296.4905,5.689e-23,1,2009.8
N2O,1296.4968,4.339e-28,1,2948.2
N2O,1296.5024,1.260e-23,1,1321.4
N2O,1296.5154,1.260e-23,1,1321.4
N2O,1296.5192,8.423e-28,1,2044.6
N2O,1296.5238,5.468e-28,1,2903.9
N2O,1296.5369,9.399e-26,1,3323.9
N2O,1296.5378,2.568e-27,1,4013.2
N2O,1296.5437,3.745e-25,1,1825.7
N2O,1296.5501,6.866e-28,1,2860.3
N2O,1296.5611,1.434e-23,1,1306.3
N2O,1296.5715,1.435e-23,1,1306.3
N2O,1296.5717,9.213e-28,1,3204.5
N2O,1296.5755,8.590e-28,1,2817.7
N2O,1296.5793,3.013e-28,1,4428.0
N2O,1296.5856,1.908e-28,1,4695.7
N2O,1296.5902,2.711e-28,1,4210.5
N2O,1296.5903,7.786e-28,1,3127.1
N2O,1296.5977,6.490e-26,1,3411.7
N2O,1296.6003,1.071e-27,1,2775.8
N2O,1296.6010,1.573e-28,1,3264.8
N2O,1296.6163,1.631e-23,1,1292.0
N2O,1296.6166,5.726e-27,1,3644.4
N2O,1296.6238,9.616e-25,1,2924.8
N2O,1296.6243,1.330e-27,1,2734.8
N2O,1296.6243,2.711e-28,1,4210.6
N2O,1296.6246,1.632e-23,1,1292.0
N2O,1296.6300,4.270e-25,1,1814.7
N2O,1296.6459,1.185e-27,1,3155.9
N2O,1296.6476,1.647e-27,1,2694.6
H2O,1296.6490,3.072e-28,1,704.2
N2O,1296.6527,5.223e-27,1,3831.1
N2O,1296.6530,5.224e-27,1,3831.1
N2O,1296.6682,1.855e-23,1,1278.6
N2O,1296.6703,2.031e-27,1,2655.2
N2O,1296.6747,1.855e-23,1,1278.6
N2O,1296.6807,9.383e-26,1,3324.3
N2O,1296.6843,4.535e-25,1,2325.1
H2O,1296.6856,5.783e-27,1,3939.7
N2O,1296.6922,2.497e-27,1,2616.7
N2O,1296.7060,7.338e-28,1,2066.2
H2O,1296.7093,3.632e-22,1,1475.0
N2O,1296.7096,4.881e-25,1,1804.6
N2O,1296.7135,3.059e-27,1,2579.0
N2O,1296.7136,1.408e-23,1,1784.6
N2O,1296.7136,1.408e-23,1,1784.6
N2O,1296.7136,5.397e-22,1,1496.0
N2O,1296.7168,2.109e-23,1,1266.0
N2O,1296.7217,2.109e-23,1,1266.0
N2O,1296.7342,3.734e-27,1,2542.2
N2O,1296.7388,2.833e-28,1,4320.4
N2O,1296.7388,2.833e-28,1,4320.4
N2O,1296.7391,7.868e-26,1,2944.4
N2O,1296.7391,7.868e-26,1,2944.4
N2O,1296.7445,1.190e-27,1,3155.8
N2O,1296.7518,3.765e-28,1,4170.5
N2O,1296.7518,3.765e-28,1,4170.5
N2O,1296.7533,5.119e-26,1,2906.3
N2O,1296.7542,4.543e-27,1,2506.2
N2O,1296.7620,2.400e-23,1,1254.2
N2O,1296.7657,2.400e-23,1,1254.2
N2O,1296.7691,5.122e-26,1,2906.2
N2O,1296.7737,5.508e-27,1,2471.0
N2O,1296.7826,5.598e-25,1,1795.4
N2O,1296.7880,9.559e-28,1,3090.9
N2O,1296.7925,6.656e-27,1,2436.6
N2O,1296.7943,2.061e-24,1,2527.2
N2O,1296.7978,1.107e-28,1,3489.1
N2O,1296.8040,2.735e-23,1,1243.3
N2O,1296.8067,2.735e-23,1,1243.3
N2O,1296.8108,8.016e-27,1,2403.1
N2O,1296.8233,2.273e-26,1,3584.3
N2O,1296.8253,1.526e-27,1,3108.0
N2O,1296.8284,9.621e-27,1,2370.4
N2O,1296.8365,1.836e-28,1,3240.3
N2O,1296.8426,3.123e-23,1,1233.2
N2O,1296.8446,3.124e-23,1,1233.2
N2O,1296.8447,5.335e-27,1,3679.8
N2O,1296.8447,5.335e-27,1,3679.8
N2O,1296.8456,1.151e-26,1,2338.6
N2O,1296.8490,6.453e-25,1,1787.0
N2O,1296.8621,1.372e-26,1,2307.6
N2O,1296.8676,4.686e-27,1,3978.0
N2O,1296.8780,3.580e-23,1,1224.0
N2O,1296.8782,1.631e-26,1,2277.4
N2O,1296.8793,3.580e-23,1,1224.0
N2O,1296.8937,1.933e-26,1,2248.1
N2O,1296.9046,1.401e-28,1,3445.5
N2O,1296.9087,2.283e-26,1,2219.6
N2O,1296.9087,7.493e-25,1,1779.4
N2O,1296.9101,4.125e-23,1,1215.6
N2O,1296.9110,4.125e-23,1,1215.6
N2O,1296.9148,1.532e-27,1,3108.0
N2O,1296.9228,5.780e-27,1,3553.3
N2O,1296.9228,5.780e-27,1,3553.3
N2O,1296.9232,2.687e-26,1,2191.9
N2O,1296.9352,3.524e-23,1,1956.2
N2O,1296.9371,3.155e-26,1,2165.1
N2O,1296.9390,4.787e-23,1,1208.0
N2O,1296.9396,4.787e-23,1,1208.0
N2O,1296.9406,9.951e-26,1,3076.3
N2O,1296.9436,1.520e-27,1,4329.0
N2O,1296.9506,3.692e-26,1,2139.1
N2O,1296.9618,8.788e-25,1,1772.6
N2O,1296.9636,4.308e-26,1,2113.9
N2O,1296.9646,5.612e-23,1,1201.3
N2O,1296.9650,5.612e-23,1,1201.3
N2O,1296.9659,1.349e-28,1,2410.9
H2O,1296.9682,2.944e-30,1,1255.9
N2O,1296.9761,5.013e-26,1,2089.6
N2O,1296.9796,1.169e-27,1,3055.6
N2O,1296.9797,1.945e-28,1,4388.0
N2O,1296.9797,1.945e-28,1,4388.0
N2O,1296.9823,9.949e-26,1,3076.4
N2O,1296.9870,6.674e-23,1,1195.4
N2O,1296.9872,6.674e-23,1,1195.4
N2O,1296.9882,5.817e-26,1,2066.2
H2O,1296.9933,8.698e-25,1,2144.0
N2O,1296.9956,3.522e-23,1,1956.4
N2O,1296.9990,4.295e-27,1,3492.1
N2O,1296.9994,4.295e-27,1,3492.1
N2O,1296.9998,6.732e-26,1,2043.5
N2O,1297.0014,1.957e-27,1,3061.0
N2O,1297.0062,8.104e-23,1,1190.3
N2O,1297.0063,8.104e-23,1,1190.3
N2O,1297.0083,1.046e-24,1,1766.8
N2O,1297.0109,7.770e-26,1,2021.7
N2O,1297.0110,1.767e-28,1,3402.7
N2O,1297.0216,8.947e-26,1,2000.7
N2O,1297.0222,1.015e-22,1,1186.1
N2O,1297.0222,1.015e-22,1,1186.1
N2O,1297.0247,4.952e-28,1,4287.1
N2O,1297.0248,4.952e-28,1,4287.1
N2O,1297.0304,1.224e-24,1,2492.4
N2O,1297.0304,1.224e-24,1,2492.4
N2O,1297.0318,1.028e-25,1,1980.6
N2O,1297.0349,1.338e-22,1,1182.8
N2O,1297.0350,1.338e-22,1,1182.8
N2O,1297.0375,2.713e-28,1,4455.4
N2O,1297.0415,1.178e-25,1,1961.3
N2O,1297.0445,1.935e-22,1,1180.3
N2O,1297.0445,1.935e-22,1,1180.3
N2O,1297.0481,1.270e-24,1,1761.7
N2O,1297.0501,1.715e-19,1,88.0
N2O,1297.0509,1.347e-25,1,1942.9
N2O,1297.0597,1.538e-25,1,1925.3
N2O,1297.0608,1.801e-28,1,4715.7
N2O,1297.0640,2.138e-28,1,3216.7
N2O,1297.0682,1.754e-25,1,1908.5
N2O,1297.0705,3.343e-28,1,4478.0
N2O,1297.0762,1.996e-25,1,1892.5
N2O,1297.0807,6.373e-25,1,2339.5
N2O,1297.0808,6.373e-25,1,2339.5
N2O,1297.0813,1.591e-24,1,1757.5
N2O,1297.0824,1.963e-27,1,3061.0
N2O,1297.0832,2.597e-28,1,4049.8
N2O,1297.0837,2.270e-25,1,1877.4
N2O,1297.0885,1.191e-28,1,4278.7
N2O,1297.0885,1.191e-28,1,4278.7
N2O,1297.0909,2.579e-25,1,1863.2
N2O,1297.0937,1.045e-28,1,2863.9
N2O,1297.0976,2.929e-25,1,1849.8
N2O,1297.1039,3.328e-25,1,1837.2
N2O,1297.1079,2.097e-24,1,1754.1
N2O,1297.1085,2.600e-28,1,4049.8
N2O,1297.1097,3.783e-25,1,1825.4
N2O,1297.1152,4.308e-25,1,1814.5
N2O,1297.1171,2.220e-28,1,3360.7
N2O,1297.1202,4.917e-25,1,1804.4
N2O,1297.1205,2.255e-26,1,3585.8
N2O,1297.1248,5.633e-25,1,1795.2
N2O,1297.1278,3.034e-24,1,1751.6
N2O,1297.1289,6.486e-25,1,1786.8
N2O,1297.1327,7.523e-25,1,1779.3
H2O,1297.1347,1.328e-24,1,3109.9
N2O,1297.1360,8.816e-25,1,1772.6
N2O,1297.1377,3.102e-27,1,3640.0
N2O,1297.1378,3.102e-27,1,3640.0
N2O,1297.1390,1.048e-24,1,1766.7
N2O,1297.1411,5.507e-24,1,1749.9
N2O,1297.1415,1.272e-24,1,1761.7
N2O,1297.1435,1.593e-24,1,1757.5
N2O,1297.1452,2.099e-24,1,1754.1
N2O,1297.1464,3.035e-24,1,1751.6
N2O,1297.1469,1.386e-27,1,1278.6
N2O,1297.1473,5.507e-24,1,1749.9
N2O,1297.1510,3.486e-27,1,3475.0
N2O,1297.1650,1.425e-27,1,3021.1
N2O,1297.1720,4.057e-27,1,3898.1
N2O,1297.1742,2.500e-27,1,3014.9
N2O,1297.1759,4.060e-27,1,3898.0
N2O,1297.1779,2.819e-28,1,4478.6
H2O,1297.1811,7.394e-24,1,2358.3
H2O,1297.1837,2.218e-23,1,2358.3
N2O,1297.1879,2.391e-22,1,1173.2
N2O,1297.1958,3.201e-28,1,4082.6
N2O,1297.1958,3.201e-28,1,4082.6
N2O,1297.2218,2.240e-27,1,4046.5
N2O,1297.2229,2.779e-28,1,3319.6
N2O,1297.2304,5.319e-26,1,3456.4
H2O,1297.2410,8.806e-29,1,2771.7
H2O,1297.2439,3.983e-29,1,756.7
H2O,1297.2460,4.768e-25,1,3109.9
N2O,1297.2474,2.508e-27,1,3014.8
N2O,1297.2702,6.397e-21,1,606.4
N2O,1297.2781,5.648e-27,1,1223.6
N2O,1297.2835,2.482e-28,1,3193.9
N2O,1297.2878,6.397e-21,1,606.4
N2O,1297.2886,2.689e-28,1,4457.2
H2O,1297.2946,4.587e-28,1,4480.4
N2O,1297.3059,9.106e-26,1,3340.5
N2O,1297.3282,3.466e-28,1,3279.3
N2O,1297.3437,3.182e-27,1,2969.5
N2O,1297.3444,1.729e-27,1,2987.4
N2O,1297.3460,1.330e-24,1,2402.6
N2O,1297.3460,1.330e-24,1,2402.6
N2O,1297.3661,8.804e-25,1,2949.7
N2O,1297.3665,1.794e-28,1,4716.5
N2O,1297.3667,9.171e-26,1,3034.3
N2O,1297.3667,9.171e-26,1,3034.3
N2O,1297.3985,3.111e-28,1,4215.5
N2O,1297.4097,3.190e-27,1,2969.5
N2O,1297.4201,6.237e-27,1,3651.1
N2O,1297.4330,4.306e-28,1,3239.8
N2O,1297.4394,3.111e-28,1,4215.6
N2O,1297.4487,5.355e-27,1,3842.0
N2O,1297.4491,5.356e-27,1,3841.9
N2O,1297.4545,7.825e-28,1,2022.7
N2O,1297.4622,9.089e-26,1,3340.9
N2O,1297.4683,5.132e-22,1,1515.2
N2O,1297.4951,2.874e-28,1,3172.0
N2O,1297.4973,1.947e-26,1,3620.8
N2O,1297.5100,4.034e-27,1,2925.0
N2O,1297.5177,2.092e-27,1,2954.6
N2O,1297.5292,2.287e-25,1,2323.4
N2O,1297.5374,5.330e-28,1,3201.2
N2O,1297.5646,6.983e-28,1,2043.5
N2O,1297.5694,4.044e-27,1,2925.0
N2O,1297.5705,1.027e-23,1,1779.5
N2O,1297.5705,1.027e-23,1,1779.5
N2O,1297.5793,2.106e-24,1,2538.1
N2O,1297.6025,4.430e-27,1,3998.0
N2O,1297.6055,6.760e-26,1,2937.6
N2O,1297.6055,6.760e-26,1,2937.6
N2O,1297.6080,3.702e-26,1,2902.9
N2O,1297.6203,3.703e-26,1,2902.9
N2O,1297.6399,3.618e-28,1,4158.7
N2O,1297.6399,3.618e-28,1,4158.7
N2O,1297.6412,6.573e-28,1,3163.4
N2O,1297.6452,2.905e-28,1,4302.6
N2O,1297.6452,2.905e-28,1,4302.6
N2O,1297.6730,5.095e-27,1,2881.4
H2O,1297.6752,9.203e-29,1,610.3
N2O,1297.6852,2.521e-27,1,2922.6
H2O,1297.6905,8.930e-30,1,1255.2
N2O,1297.6980,1.358e-27,1,4358.0
N2O,1297.6987,3.319e-28,1,3150.9
H2O,1297.7169,1.347e-28,1,744.1
N2O,1297.7212,3.571e-23,1,1967.9
N2O,1297.7263,5.106e-27,1,2881.4
N2O,1297.7321,2.411e-28,1,4485.3
N2O,1297.7392,1.069e-25,1,3083.8
N2O,1297.7407,5.345e-27,1,3664.6
N2O,1297.7407,5.345e-27,1,3664.6
N2O,1297.7443,8.077e-28,1,3126.5
N2O,1297.7648,4.559e-28,1,4311.2
N2O,1297.7649,4.559e-28,1,4311.2
N2O,1297.7740,1.099e-28,1,2889.9
N2O,1297.7869,1.068e-25,1,3084.0
N2O,1297.7885,3.568e-23,1,1968.1
N2O,1297.7904,2.192e-28,1,4394.7
N2O,1297.7904,2.192e-28,1,4394.7
N2O,1297.8001,5.323e-27,1,3544.0
N2O,1297.8001,5.323e-27,1,3544.0
N2O,1297.8073,1.931e-26,1,3622.4
N2O,1297.8184,1.685e-28,1,4737.2
N2O,1297.8285,3.262e-28,1,4493.8
N2O,1297.8314,1.721e-19,1,100.6
N2O,1297.8327,6.412e-27,1,2838.6
H2O,1297.8331,5.098e-29,1,4966.6
N2O,1297.8436,1.388e-24,1,2498.2
N2O,1297.8437,1.388e-24,1,2498.2
N2O,1297.8444,1.053e-28,1,2399.1
N2O,1297.8468,3.027e-27,1,2891.5
N2O,1297.8468,9.888e-28,1,3090.3
N2O,1297.8594,4.341e-26,1,3502.0
N2O,1297.8602,3.468e-27,1,3487.1
N2O,1297.8604,3.468e-27,1,3487.1
N2O,1297.8805,6.424e-27,1,2838.5
N2O,1297.8850,3.605e-27,1,3928.0
N2O,1297.8897,3.608e-27,1,3927.9
N2O,1297.8943,3.825e-28,1,3130.7
N2O,1297.9021,1.944e-27,1,4080.5
N2O,1297.9171,2.027e-27,1,1292.0
H2O,1297.9203,6.803e-30,1,5119.4
H2O,1297.9326,2.267e-30,1,5119.4
N2O,1297.9327,3.601e-25,1,2336.2
N2O,1297.9327,3.601e-25,1,2336.2
N2O,1297.9438,2.072e-28,1,4045.6
N2O,1297.9486,1.206e-27,1,3055.1
N2O,1297.9537,3.031e-28,1,4494.5
N2O,1297.9552,3.861e-27,1,3644.2
N2O,1297.9553,3.861e-27,1,3644.2
N2O,1297.9646,2.074e-28,1,4045.6
N2O,1297.9893,8.038e-27,1,2796.6
N2O,1297.9944,2.389e-28,1,4487.3
