# board,CSE142502
# channel,1
# input_range_mv,4000
# impedance_ohm,1000000
# sample_rate,1000000
# samples_per_reading,2000
# rate_hz,10.0
# duration_s,30.0
# start,2026-07-28T15:49:42
# value,mean_v = raw volts at DAQ input. r_v = R in volts = mean_v × 0.2 (SEN full-scale = 200 mV; ±1.0 V output = full scale).
# param:Laser.wavelength,1300,cm^-1
# param:Laser.power,3.35,W
# param:Laser.rep_rate,12458.8,Hz
# param:Laser.pulse_width,500,ns
# param:Lock-in.sensitivity,200 mV
# param:Lock-in.time_constant,3 s
# param:Lock-in.mod_frequency,12458.8,Hz
# param:Gas.gas_type,N2
# param:Gas.concentration,100,%
# param:Gas.adm_pressure,600,torr
# param:General.operator,burak
# param:General.notes,wavelength scan for pure n2
iso_time,epoch_s,elapsed_s,mean_v,std_v,min_v,max_v,n,clipped,r_v
2026-07-28T15:49:45.811,1785242985.812,0.003,5.907227e-02,4.184925e-03,4.516602e-02,7.128906e-02,2000,0,1.181445e-02
2026-07-28T15:49:45.914,1785242985.915,0.103,5.954199e-02,4.212976e-03,4.199219e-02,7.226562e-02,2000,0,1.190840e-02
2026-07-28T15:49:46.016,1785242986.016,0.203,5.891772e-02,3.944659e-03,4.443359e-02,7.153320e-02,2000,0,1.178354e-02
2026-07-28T15:49:46.116,1785242986.116,0.303,5.825037e-02,3.789958e-03,4.541016e-02,7.177734e-02,2000,0,1.165007e-02
2026-07-28T15:49:46.216,1785242986.217,0.403,5.793713e-02,3.622747e-03,4.589844e-02,6.860352e-02,2000,0,1.158743e-02
2026-07-28T15:49:46.315,1785242986.315,0.503,5.972974e-02,4.054202e-03,4.516602e-02,7.348633e-02,2000,0,1.194595e-02
2026-07-28T15:49:46.416,1785242986.417,0.603,5.839600e-02,3.876649e-03,3.686523e-02,6.860352e-02,2000,0,1.167920e-02
2026-07-28T15:49:46.514,1785242986.514,0.703,5.803967e-02,3.723604e-03,4.418945e-02,7.080078e-02,2000,0,1.160793e-02
2026-07-28T15:49:46.616,1785242986.616,0.803,5.894788e-02,3.978088e-03,4.516602e-02,7.153320e-02,2000,0,1.178958e-02
2026-07-28T15:49:46.716,1785242986.717,0.903,5.944836e-02,3.916118e-03,4.687500e-02,7.299805e-02,2000,0,1.188967e-02
2026-07-28T15:49:46.816,1785242986.816,1.003,5.806934e-02,3.617651e-03,4.638672e-02,6.811523e-02,2000,0,1.161387e-02
2026-07-28T15:49:46.916,1785242986.917,1.103,5.951770e-02,4.168883e-03,4.223633e-02,7.250977e-02,2000,0,1.190354e-02
2026-07-28T15:49:47.016,1785242987.017,1.203,5.780261e-02,3.703595e-03,4.663086e-02,7.031250e-02,2000,0,1.156052e-02
2026-07-28T15:49:47.114,1785242987.115,1.303,5.860547e-02,4.139956e-03,4.541016e-02,7.104492e-02,2000,0,1.172109e-02
2026-07-28T15:49:47.216,1785242987.217,1.403,5.810864e-02,3.797449e-03,4.516602e-02,6.958008e-02,2000,0,1.162173e-02
2026-07-28T15:49:47.316,1785242987.316,1.503,5.960168e-02,4.068499e-03,4.785156e-02,7.177734e-02,2000,0,1.192034e-02
2026-07-28T15:49:47.416,1785242987.416,1.603,5.933508e-02,3.863090e-03,4.809570e-02,7.446289e-02,2000,0,1.186702e-02
2026-07-28T15:49:47.516,1785242987.517,1.703,5.835364e-02,3.922453e-03,4.541016e-02,6.933594e-02,2000,0,1.167073e-02
2026-07-28T15:49:47.616,1785242987.616,1.803,5.865906e-02,3.567328e-03,4.711914e-02,7.153320e-02,2000,0,1.173181e-02
2026-07-28T15:49:47.716,1785242987.717,1.903,5.836316e-02,3.921421e-03,4.589844e-02,7.373047e-02,2000,0,1.167263e-02
2026-07-28T15:49:47.816,1785242987.817,2.003,5.924365e-02,3.808991e-03,4.663086e-02,7.470703e-02,2000,0,1.184873e-02
2026-07-28T15:49:47.916,1785242987.917,2.103,5.861731e-02,3.855105e-03,4.370117e-02,7.128906e-02,2000,0,1.172346e-02
2026-07-28T15:49:48.016,1785242988.017,2.203,5.932764e-02,4.103001e-03,4.443359e-02,7.202148e-02,2000,0,1.186553e-02
2026-07-28T15:49:48.116,1785242988.116,2.303,5.834009e-02,3.870922e-03,4.394531e-02,7.226562e-02,2000,0,1.166802e-02
2026-07-28T15:49:48.216,1785242988.217,2.403,5.831238e-02,3.785686e-03,4.711914e-02,7.275391e-02,2000,0,1.166248e-02
2026-07-28T15:49:48.316,1785242988.317,2.503,5.863782e-02,3.588725e-03,4.492188e-02,7.128906e-02,2000,0,1.172756e-02
2026-07-28T15:49:48.416,1785242988.417,2.603,5.999915e-02,3.727094e-03,4.858398e-02,7.446289e-02,2000,0,1.199983e-02
2026-07-28T15:49:48.514,1785242988.514,2.703,5.971558e-02,3.667915e-03,4.638672e-02,7.177734e-02,2000,0,1.194312e-02
2026-07-28T15:49:48.614,1785242988.614,2.803,5.799695e-02,3.412208e-03,4.638672e-02,6.933594e-02,2000,0,1.159939e-02
2026-07-28T15:49:48.714,1785242988.715,2.903,5.969116e-02,3.743361e-03,4.809570e-02,7.250977e-02,2000,0,1.193823e-02
2026-07-28T15:49:48.814,1785242988.815,3.003,5.854846e-02,3.495904e-03,4.443359e-02,7.299805e-02,2000,0,1.170969e-02
2026-07-28T15:49:48.914,1785242988.915,3.103,5.815076e-02,3.458294e-03,4.589844e-02,7.055664e-02,2000,0,1.163015e-02
2026-07-28T15:49:49.014,1785242989.014,3.203,5.820593e-02,3.302223e-03,4.492188e-02,7.128906e-02,2000,0,1.164119e-02
2026-07-28T15:49:49.114,1785242989.115,3.303,5.943677e-02,3.798233e-03,4.736328e-02,7.202148e-02,2000,0,1.188735e-02
2026-07-28T15:49:49.215,1785242989.215,3.403,5.931091e-02,3.530307e-03,4.882812e-02,7.104492e-02,2000,0,1.186218e-02
2026-07-28T15:49:49.314,1785242989.315,3.503,5.989502e-02,3.630340e-03,4.516602e-02,7.373047e-02,2000,0,1.197900e-02
2026-07-28T15:49:49.414,1785242989.415,3.603,5.954187e-02,3.612670e-03,4.858398e-02,7.177734e-02,2000,0,1.190837e-02
2026-07-28T15:49:49.514,1785242989.515,3.703,5.815125e-02,3.411015e-03,4.809570e-02,6.884766e-02,2000,0,1.163025e-02
2026-07-28T15:49:49.614,1785242989.615,3.803,5.962720e-02,3.743813e-03,4.345703e-02,7.373047e-02,2000,0,1.192544e-02
2026-07-28T15:49:49.714,1785242989.715,3.903,5.845154e-02,3.557073e-03,4.833984e-02,6.909180e-02,2000,0,1.169031e-02
2026-07-28T15:49:49.816,1785242989.817,4.003,5.966394e-02,3.718290e-03,4.858398e-02,7.202148e-02,2000,0,1.193279e-02
2026-07-28T15:49:49.914,1785242989.915,4.103,5.959338e-02,3.824816e-03,4.711914e-02,7.055664e-02,2000,0,1.191868e-02
2026-07-28T15:49:50.014,1785242990.014,4.203,5.823547e-02,3.480823e-03,4.907227e-02,6.835938e-02,2000,0,1.164709e-02
2026-07-28T15:49:50.116,1785242990.116,4.303,5.861743e-02,3.530830e-03,4.663086e-02,6.933594e-02,2000,0,1.172349e-02
2026-07-28T15:49:50.214,1785242990.215,4.403,5.786572e-02,3.515275e-03,4.516602e-02,6.884766e-02,2000,0,1.157314e-02
2026-07-28T15:49:50.314,1785242990.315,4.503,5.873645e-02,3.593505e-03,4.638672e-02,6.933594e-02,2000,0,1.174729e-02
2026-07-28T15:49:50.416,1785242990.417,4.603,5.847412e-02,3.495143e-03,4.760742e-02,6.958008e-02,2000,0,1.169482e-02
2026-07-28T15:49:50.514,1785242990.515,4.703,5.874524e-02,3.513679e-03,4.663086e-02,6.787109e-02,2000,0,1.174905e-02
2026-07-28T15:49:50.614,1785242990.615,4.803,5.965259e-02,3.717697e-03,4.663086e-02,7.250977e-02,2000,0,1.193052e-02
2026-07-28T15:49:50.714,1785242990.715,4.903,5.923596e-02,3.851824e-03,4.785156e-02,7.275391e-02,2000,0,1.184719e-02
2026-07-28T15:49:50.814,1785242990.815,5.003,5.948816e-02,3.883005e-03,4.638672e-02,7.250977e-02,2000,0,1.189763e-02
2026-07-28T15:49:50.914,1785242990.915,5.103,5.985022e-02,3.695841e-03,4.760742e-02,6.933594e-02,2000,0,1.197004e-02
2026-07-28T15:49:51.014,1785242991.015,5.203,5.947241e-02,3.684479e-03,4.809570e-02,7.128906e-02,2000,0,1.189448e-02
2026-07-28T15:49:51.114,1785242991.115,5.303,5.957935e-02,3.700528e-03,4.589844e-02,6.982422e-02,2000,0,1.191587e-02
2026-07-28T15:49:51.214,1785242991.215,5.403,5.833765e-02,3.512314e-03,4.663086e-02,6.811523e-02,2000,0,1.166753e-02
2026-07-28T15:49:51.314,1785242991.315,5.503,5.856189e-02,3.638076e-03,4.907227e-02,7.397461e-02,2000,0,1.171238e-02
2026-07-28T15:49:51.414,1785242991.415,5.603,5.878821e-02,3.559250e-03,4.711914e-02,7.177734e-02,2000,0,1.175764e-02
2026-07-28T15:49:51.514,1785242991.515,5.703,5.844458e-02,3.390960e-03,4.858398e-02,6.860352e-02,2000,0,1.168892e-02
2026-07-28T15:49:51.614,1785242991.615,5.803,5.899426e-02,3.616944e-03,4.736328e-02,7.250977e-02,2000,0,1.179885e-02
2026-07-28T15:49:51.714,1785242991.714,5.903,5.714624e-02,3.419686e-03,4.492188e-02,6.811523e-02,2000,0,1.142925e-02
2026-07-28T15:49:51.814,1785242991.815,6.003,5.992139e-02,3.561585e-03,4.980469e-02,7.299805e-02,2000,0,1.198428e-02
2026-07-28T15:49:51.916,1785242991.917,6.103,5.785339e-02,3.359143e-03,4.321289e-02,6.835938e-02,2000,0,1.157068e-02
2026-07-28T15:49:52.014,1785242992.015,6.203,5.845142e-02,3.438806e-03,4.858398e-02,6.982422e-02,2000,0,1.169028e-02
2026-07-28T15:49:52.114,1785242992.115,6.303,5.875745e-02,3.325603e-03,4.760742e-02,7.006836e-02,2000,0,1.175149e-02
2026-07-28T15:49:52.214,1785242992.215,6.403,5.812915e-02,3.387002e-03,4.614258e-02,6.958008e-02,2000,0,1.162583e-02
2026-07-28T15:49:52.316,1785242992.316,6.503,5.826050e-02,3.292196e-03,4.663086e-02,7.055664e-02,2000,0,1.165210e-02
2026-07-28T15:49:52.414,1785242992.415,6.603,5.985669e-02,3.545575e-03,4.589844e-02,7.153320e-02,2000,0,1.197134e-02
2026-07-28T15:49:52.516,1785242992.517,6.703,5.932715e-02,3.523491e-03,4.882812e-02,7.128906e-02,2000,0,1.186543e-02
2026-07-28T15:49:52.614,1785242992.615,6.803,5.979749e-02,3.568311e-03,4.711914e-02,7.104492e-02,2000,0,1.195950e-02
2026-07-28T15:49:52.714,1785242992.715,6.903,5.956384e-02,3.608170e-03,4.809570e-02,7.128906e-02,2000,0,1.191277e-02
2026-07-28T15:49:52.814,1785242992.815,7.003,5.959277e-02,3.553639e-03,4.687500e-02,7.446289e-02,2000,0,1.191855e-02
2026-07-28T15:49:52.914,1785242992.915,7.103,5.969141e-02,3.607437e-03,4.614258e-02,7.299805e-02,2000,0,1.193828e-02
2026-07-28T15:49:53.014,1785242993.015,7.203,5.950049e-02,3.621168e-03,4.882812e-02,7.373047e-02,2000,0,1.190010e-02
2026-07-28T15:49:53.114,1785242993.115,7.303,5.864282e-02,3.571249e-03,4.345703e-02,6.933594e-02,2000,0,1.172856e-02
2026-07-28T15:49:53.214,1785242993.215,7.403,5.915186e-02,3.566979e-03,4.589844e-02,6.884766e-02,2000,0,1.183037e-02
2026-07-28T15:49:53.314,1785242993.315,7.503,5.792212e-02,3.326222e-03,4.858398e-02,7.373047e-02,2000,0,1.158442e-02
2026-07-28T15:49:53.414,1785242993.415,7.603,5.957104e-02,3.637564e-03,4.760742e-02,7.299805e-02,2000,0,1.191421e-02
2026-07-28T15:49:53.514,1785242993.515,7.703,5.972021e-02,3.725533e-03,4.663086e-02,7.250977e-02,2000,0,1.194404e-02
2026-07-28T15:49:53.614,1785242993.615,7.803,5.965125e-02,3.728561e-03,4.809570e-02,7.055664e-02,2000,0,1.193025e-02
2026-07-28T15:49:53.714,1785242993.715,7.903,5.957422e-02,3.652598e-03,4.858398e-02,7.153320e-02,2000,0,1.191484e-02
2026-07-28T15:49:53.814,1785242993.815,8.003,5.942847e-02,3.747256e-03,4.760742e-02,7.275391e-02,2000,0,1.188569e-02
2026-07-28T15:49:53.914,1785242993.915,8.103,5.956079e-02,3.720790e-03,4.858398e-02,7.055664e-02,2000,0,1.191216e-02
2026-07-28T15:49:54.014,1785242994.015,8.203,5.930750e-02,3.679942e-03,4.809570e-02,7.177734e-02,2000,0,1.186150e-02
2026-07-28T15:49:54.114,1785242994.115,8.303,5.935913e-02,3.708461e-03,4.833984e-02,7.226562e-02,2000,0,1.187183e-02
2026-07-28T15:49:54.214,1785242994.214,8.403,5.900830e-02,3.624331e-03,4.736328e-02,7.031250e-02,2000,0,1.180166e-02
2026-07-28T15:49:54.316,1785242994.317,8.503,5.837610e-02,3.488553e-03,4.565430e-02,7.299805e-02,2000,0,1.167522e-02
2026-07-28T15:49:54.414,1785242994.415,8.603,5.853406e-02,3.650876e-03,4.614258e-02,6.811523e-02,2000,0,1.170681e-02
2026-07-28T15:49:54.514,1785242994.515,8.703,5.989429e-02,3.850679e-03,4.492188e-02,7.128906e-02,2000,0,1.197886e-02
2026-07-28T15:49:54.616,1785242994.616,8.803,5.835547e-02,3.520263e-03,4.614258e-02,6.933594e-02,2000,0,1.167109e-02
2026-07-28T15:49:54.716,1785242994.717,8.903,5.977246e-02,3.814875e-03,4.614258e-02,7.177734e-02,2000,0,1.195449e-02
2026-07-28T15:49:54.814,1785242994.815,9.003,5.855090e-02,3.676394e-03,4.125977e-02,6.860352e-02,2000,0,1.171018e-02
2026-07-28T15:49:54.916,1785242994.917,9.103,5.821887e-02,3.515140e-03,4.589844e-02,6.811523e-02,2000,0,1.164377e-02
2026-07-28T15:49:55.014,1785242995.015,9.203,5.843408e-02,3.472185e-03,4.541016e-02,7.128906e-02,2000,0,1.168682e-02
2026-07-28T15:49:55.115,1785242995.115,9.303,5.879272e-02,3.650574e-03,4.663086e-02,7.128906e-02,2000,0,1.175854e-02
2026-07-28T15:49:55.216,1785242995.217,9.403,5.851306e-02,3.632738e-03,4.614258e-02,7.006836e-02,2000,0,1.170261e-02
2026-07-28T15:49:55.316,1785242995.317,9.503,5.937634e-02,3.708626e-03,4.687500e-02,7.250977e-02,2000,0,1.187527e-02
2026-07-28T15:49:55.414,1785242995.415,9.603,5.981873e-02,3.740081e-03,4.736328e-02,7.202148e-02,2000,0,1.196375e-02
2026-07-28T15:49:55.516,1785242995.517,9.703,5.930530e-02,3.723726e-03,4.785156e-02,7.031250e-02,2000,0,1.186106e-02
2026-07-28T15:49:55.614,1785242995.615,9.803,5.858716e-02,3.481151e-03,4.614258e-02,7.373047e-02,2000,0,1.171743e-02
2026-07-28T15:49:55.714,1785242995.715,9.903,5.851660e-02,3.450979e-03,4.687500e-02,7.104492e-02,2000,0,1.170332e-02
2026-07-28T15:49:55.816,1785242995.817,10.003,5.838562e-02,3.505291e-03,4.394531e-02,7.324219e-02,2000,0,1.167712e-02
2026-07-28T15:49:55.914,1785242995.915,10.103,5.963220e-02,3.621448e-03,4.663086e-02,7.226562e-02,2000,0,1.192644e-02
2026-07-28T15:49:56.016,1785242996.017,10.203,5.880273e-02,3.484882e-03,4.711914e-02,6.835938e-02,2000,0,1.176055e-02
2026-07-28T15:49:56.114,1785242996.115,10.303,5.816699e-02,3.174237e-03,4.809570e-02,6.933594e-02,2000,0,1.163340e-02
2026-07-28T15:49:56.214,1785242996.215,10.403,5.883630e-02,3.225258e-03,4.760742e-02,6.909180e-02,2000,0,1.176726e-02
2026-07-28T15:49:56.314,1785242996.315,10.503,5.815979e-02,3.164273e-03,4.687500e-02,7.055664e-02,2000,0,1.163196e-02
2026-07-28T15:49:56.416,1785242996.417,10.603,5.840454e-02,3.332357e-03,4.272461e-02,6.958008e-02,2000,0,1.168091e-02
2026-07-28T15:49:56.514,1785242996.515,10.703,5.923938e-02,3.413572e-03,4.809570e-02,6.835938e-02,2000,0,1.184788e-02
2026-07-28T15:49:56.616,1785242996.617,10.803,5.835767e-02,3.342881e-03,4.101562e-02,7.104492e-02,2000,0,1.167153e-02
2026-07-28T15:49:56.716,1785242996.717,10.903,5.955981e-02,3.443985e-03,4.614258e-02,6.958008e-02,2000,0,1.191196e-02
2026-07-28T15:49:56.814,1785242996.815,11.003,5.865955e-02,3.378274e-03,4.370117e-02,6.933594e-02,2000,0,1.173191e-02
2026-07-28T15:49:56.916,1785242996.917,11.103,5.909790e-02,3.502153e-03,4.614258e-02,6.982422e-02,2000,0,1.181958e-02
2026-07-28T15:49:57.014,1785242997.015,11.203,5.860278e-02,3.360901e-03,4.736328e-02,6.933594e-02,2000,0,1.172056e-02
2026-07-28T15:49:57.114,1785242997.115,11.303,5.928088e-02,3.678974e-03,4.516602e-02,7.153320e-02,2000,0,1.185618e-02
2026-07-28T15:49:57.216,1785242997.217,11.403,5.847095e-02,3.353358e-03,4.614258e-02,6.811523e-02,2000,0,1.169419e-02
2026-07-28T15:49:57.314,1785242997.315,11.503,5.898657e-02,3.442791e-03,4.785156e-02,7.055664e-02,2000,0,1.179731e-02
2026-07-28T15:49:57.414,1785242997.415,11.603,5.973999e-02,3.762214e-03,4.760742e-02,7.275391e-02,2000,0,1.194800e-02
2026-07-28T15:49:57.516,1785242997.517,11.703,5.893298e-02,3.541679e-03,4.687500e-02,7.104492e-02,2000,0,1.178660e-02
2026-07-28T15:49:57.614,1785242997.615,11.803,5.855579e-02,3.480330e-03,4.760742e-02,7.226562e-02,2000,0,1.171116e-02
2026-07-28T15:49:57.714,1785242997.715,11.903,6.000781e-02,3.591853e-03,4.907227e-02,7.177734e-02,2000,0,1.200156e-02
2026-07-28T15:49:57.816,1785242997.816,12.003,5.837573e-02,3.380026e-03,4.492188e-02,6.933594e-02,2000,0,1.167515e-02
2026-07-28T15:49:57.914,1785242997.915,12.103,5.959888e-02,3.648864e-03,4.614258e-02,7.299805e-02,2000,0,1.191978e-02
2026-07-28T15:49:58.014,1785242998.015,12.203,5.870154e-02,3.500704e-03,4.809570e-02,7.006836e-02,2000,0,1.174031e-02
2026-07-28T15:49:58.116,1785242998.117,12.303,5.963013e-02,3.730298e-03,4.785156e-02,7.104492e-02,2000,0,1.192603e-02
2026-07-28T15:49:58.214,1785242998.215,12.403,5.927075e-02,3.697578e-03,4.760742e-02,7.104492e-02,2000,0,1.185415e-02
2026-07-28T15:49:58.316,1785242998.317,12.503,5.887317e-02,3.444483e-03,4.809570e-02,7.080078e-02,2000,0,1.177463e-02
2026-07-28T15:49:58.416,1785242998.417,12.603,5.827771e-02,3.329220e-03,4.736328e-02,6.982422e-02,2000,0,1.165554e-02
2026-07-28T15:49:58.516,1785242998.517,12.703,5.692749e-02,3.447343e-03,4.663086e-02,6.958008e-02,2000,0,1.138550e-02
2026-07-28T15:49:58.614,1785242998.615,12.803,5.789441e-02,3.229217e-03,4.809570e-02,6.738281e-02,2000,0,1.157888e-02
2026-07-28T15:49:58.714,1785242998.715,12.903,5.794006e-02,3.175804e-03,4.833984e-02,7.299805e-02,2000,0,1.158801e-02
2026-07-28T15:49:58.814,1785242998.815,13.003,5.963757e-02,3.548881e-03,4.711914e-02,7.104492e-02,2000,0,1.192751e-02
2026-07-28T15:49:58.914,1785242998.915,13.103,5.857397e-02,3.319275e-03,4.760742e-02,6.884766e-02,2000,0,1.171479e-02
2026-07-28T15:49:59.014,1785242999.015,13.203,5.733789e-02,3.208776e-03,4.443359e-02,6.665039e-02,2000,0,1.146758e-02
2026-07-28T15:49:59.114,1785242999.115,13.303,5.926074e-02,3.381706e-03,4.882812e-02,6.884766e-02,2000,0,1.185215e-02
2026-07-28T15:49:59.214,1785242999.215,13.403,5.799573e-02,2.943211e-03,4.882812e-02,7.055664e-02,2000,0,1.159915e-02
2026-07-28T15:49:59.314,1785242999.315,13.503,5.818396e-02,2.842390e-03,4.907227e-02,6.860352e-02,2000,0,1.163679e-02
2026-07-28T15:49:59.414,1785242999.415,13.603,5.872131e-02,3.035057e-03,4.589844e-02,6.835938e-02,2000,0,1.174426e-02
2026-07-28T15:49:59.516,1785242999.517,13.703,5.702063e-02,3.227811e-03,4.589844e-02,7.104492e-02,2000,0,1.140413e-02
2026-07-28T15:49:59.614,1785242999.614,13.803,5.874390e-02,3.035649e-03,4.687500e-02,6.958008e-02,2000,0,1.174878e-02
2026-07-28T15:49:59.714,1785242999.714,13.903,5.825427e-02,2.596146e-03,4.956055e-02,6.713867e-02,2000,0,1.165085e-02
2026-07-28T15:49:59.814,1785242999.814,14.003,5.797473e-02,2.898626e-03,4.931641e-02,6.762695e-02,2000,0,1.159495e-02
2026-07-28T15:49:59.914,1785242999.915,14.103,5.910937e-02,2.965977e-03,4.589844e-02,6.811523e-02,2000,0,1.182188e-02
2026-07-28T15:50:00.014,1785243000.014,14.203,5.807104e-02,2.943288e-03,4.858398e-02,6.909180e-02,2000,0,1.161421e-02
2026-07-28T15:50:00.114,1785243000.114,14.303,5.935327e-02,3.140570e-03,4.272461e-02,6.982422e-02,2000,0,1.187065e-02
2026-07-28T15:50:00.214,1785243000.215,14.403,5.795386e-02,2.760413e-03,4.956055e-02,6.835938e-02,2000,0,1.159077e-02
2026-07-28T15:50:00.314,1785243000.315,14.503,5.943994e-02,3.086326e-03,4.663086e-02,7.031250e-02,2000,0,1.188799e-02
2026-07-28T15:50:00.414,1785243000.414,14.603,5.942834e-02,3.102367e-03,4.882812e-02,7.104492e-02,2000,0,1.188567e-02
2026-07-28T15:50:00.514,1785243000.515,14.703,5.790405e-02,2.707908e-03,4.785156e-02,6.933594e-02,2000,0,1.158081e-02
2026-07-28T15:50:00.614,1785243000.615,14.803,5.959204e-02,3.071334e-03,4.711914e-02,7.006836e-02,2000,0,1.191841e-02
2026-07-28T15:50:00.714,1785243000.715,14.903,5.915381e-02,3.163921e-03,5.029297e-02,6.884766e-02,2000,0,1.183076e-02
2026-07-28T15:50:00.814,1785243000.815,15.003,5.825818e-02,3.144056e-03,4.687500e-02,6.860352e-02,2000,0,1.165164e-02
2026-07-28T15:50:00.914,1785243000.915,15.103,5.836951e-02,2.955068e-03,4.785156e-02,6.884766e-02,2000,0,1.167390e-02
2026-07-28T15:50:01.014,1785243001.015,15.203,5.950708e-02,3.329168e-03,4.956055e-02,7.275391e-02,2000,0,1.190142e-02
2026-07-28T15:50:01.116,1785243001.117,15.303,5.839038e-02,3.380234e-03,4.638672e-02,6.884766e-02,2000,0,1.167808e-02
2026-07-28T15:50:01.214,1785243001.215,15.403,5.939832e-02,3.381424e-03,4.565430e-02,7.006836e-02,2000,0,1.187966e-02
2026-07-28T15:50:01.314,1785243001.315,15.503,5.835413e-02,3.030091e-03,4.809570e-02,6.884766e-02,2000,0,1.167083e-02
2026-07-28T15:50:01.414,1785243001.415,15.603,5.853406e-02,3.225482e-03,4.858398e-02,6.860352e-02,2000,0,1.170681e-02
2026-07-28T15:50:01.514,1785243001.515,15.703,5.839258e-02,3.110308e-03,4.956055e-02,7.031250e-02,2000,0,1.167852e-02
2026-07-28T15:50:01.614,1785243001.615,15.803,5.880750e-02,3.307065e-03,4.858398e-02,6.958008e-02,2000,0,1.176150e-02
2026-07-28T15:50:01.716,1785243001.717,15.903,5.921667e-02,3.606151e-03,4.711914e-02,7.397461e-02,2000,0,1.184333e-02
2026-07-28T15:50:01.814,1785243001.815,16.003,5.855017e-02,3.225648e-03,4.785156e-02,6.835938e-02,2000,0,1.171003e-02
2026-07-28T15:50:01.914,1785243001.915,16.103,5.839160e-02,3.673521e-03,4.541016e-02,7.055664e-02,2000,0,1.167832e-02
2026-07-28T15:50:02.014,1785243002.015,16.203,5.820178e-02,3.184167e-03,4.809570e-02,6.811523e-02,2000,0,1.164036e-02
2026-07-28T15:50:02.114,1785243002.115,16.303,5.810400e-02,3.146583e-03,4.711914e-02,6.689453e-02,2000,0,1.162080e-02
2026-07-28T15:50:02.214,1785243002.215,16.403,5.851147e-02,3.262256e-03,4.614258e-02,6.958008e-02,2000,0,1.170229e-02
2026-07-28T15:50:02.314,1785243002.315,16.503,5.922400e-02,3.605027e-03,4.492188e-02,7.299805e-02,2000,0,1.184480e-02
2026-07-28T15:50:02.414,1785243002.415,16.603,5.914856e-02,3.405611e-03,4.443359e-02,7.153320e-02,2000,0,1.182971e-02
2026-07-28T15:50:02.514,1785243002.515,16.703,5.921313e-02,3.560585e-03,4.785156e-02,7.373047e-02,2000,0,1.184263e-02
2026-07-28T15:50:02.614,1785243002.615,16.803,5.826428e-02,3.101522e-03,4.663086e-02,6.762695e-02,2000,0,1.165286e-02
2026-07-28T15:50:02.714,1785243002.715,16.903,5.869519e-02,3.046713e-03,4.785156e-02,6.811523e-02,2000,0,1.173904e-02
2026-07-28T15:50:02.814,1785243002.815,17.003,5.966565e-02,3.341812e-03,4.711914e-02,7.055664e-02,2000,0,1.193313e-02
2026-07-28T15:50:02.914,1785243002.915,17.103,5.873181e-02,3.231012e-03,4.711914e-02,7.226562e-02,2000,0,1.174636e-02
2026-07-28T15:50:03.014,1785243003.015,17.203,5.821008e-02,3.037014e-03,4.907227e-02,6.884766e-02,2000,0,1.164202e-02
2026-07-28T15:50:03.114,1785243003.115,17.303,5.950574e-02,3.403460e-03,4.736328e-02,7.177734e-02,2000,0,1.190115e-02
2026-07-28T15:50:03.216,1785243003.217,17.403,5.802869e-02,3.079479e-03,4.785156e-02,6.762695e-02,2000,0,1.160574e-02
2026-07-28T15:50:03.314,1785243003.315,17.503,5.856238e-02,3.111265e-03,4.858398e-02,7.128906e-02,2000,0,1.171248e-02
2026-07-28T15:50:03.414,1785243003.415,17.603,5.809314e-02,3.130126e-03,4.687500e-02,7.397461e-02,2000,0,1.161863e-02
2026-07-28T15:50:03.514,1785243003.515,17.703,5.856104e-02,3.109589e-03,4.858398e-02,7.421875e-02,2000,0,1.171221e-02
2026-07-28T15:50:03.614,1785243003.614,17.803,5.864343e-02,3.220252e-03,5.004883e-02,6.762695e-02,2000,0,1.172869e-02
2026-07-28T15:50:03.714,1785243003.715,17.903,5.973254e-02,3.314904e-03,4.760742e-02,7.299805e-02,2000,0,1.194651e-02
2026-07-28T15:50:03.814,1785243003.815,18.003,5.763135e-02,3.395439e-03,4.565430e-02,7.055664e-02,2000,0,1.152627e-02
2026-07-28T15:50:03.914,1785243003.915,18.103,5.989014e-02,3.588019e-03,4.882812e-02,7.128906e-02,2000,0,1.197803e-02
2026-07-28T15:50:04.014,1785243004.015,18.203,5.874084e-02,3.292945e-03,4.809570e-02,6.884766e-02,2000,0,1.174817e-02
2026-07-28T15:50:04.114,1785243004.115,18.303,5.837317e-02,3.336735e-03,4.858398e-02,6.933594e-02,2000,0,1.167463e-02
2026-07-28T15:50:04.214,1785243004.215,18.403,5.843237e-02,3.274927e-03,4.711914e-02,6.860352e-02,2000,0,1.168647e-02
2026-07-28T15:50:04.314,1785243004.315,18.503,5.832739e-02,3.366005e-03,4.614258e-02,6.884766e-02,2000,0,1.166548e-02
2026-07-28T15:50:04.414,1785243004.415,18.603,5.890271e-02,3.273470e-03,4.882812e-02,6.884766e-02,2000,0,1.178054e-02
2026-07-28T15:50:04.514,1785243004.515,18.703,5.870044e-02,3.274344e-03,4.614258e-02,6.982422e-02,2000,0,1.174009e-02
2026-07-28T15:50:04.614,1785243004.615,18.803,5.859033e-02,3.264862e-03,4.516602e-02,7.226562e-02,2000,0,1.171807e-02
2026-07-28T15:50:04.714,1785243004.715,18.903,5.957178e-02,3.386328e-03,4.785156e-02,6.958008e-02,2000,0,1.191436e-02
2026-07-28T15:50:04.814,1785243004.815,19.003,5.962708e-02,3.611726e-03,4.614258e-02,7.348633e-02,2000,0,1.192542e-02
2026-07-28T15:50:04.915,1785243004.915,19.103,5.980701e-02,3.543578e-03,4.589844e-02,7.373047e-02,2000,0,1.196140e-02
2026-07-28T15:50:05.014,1785243005.015,19.203,5.976904e-02,3.528515e-03,4.956055e-02,7.348633e-02,2000,0,1.195381e-02
2026-07-28T15:50:05.114,1785243005.115,19.303,6.026794e-02,3.450340e-03,5.029297e-02,7.202148e-02,2000,0,1.205359e-02
2026-07-28T15:50:05.214,1785243005.215,19.403,5.882410e-02,3.287354e-03,4.711914e-02,7.006836e-02,2000,0,1.176482e-02
2026-07-28T15:50:05.314,1785243005.315,19.503,5.864453e-02,3.552860e-03,4.565430e-02,6.982422e-02,2000,0,1.172891e-02
2026-07-28T15:50:05.414,1785243005.415,19.603,5.959119e-02,3.476027e-03,4.833984e-02,7.324219e-02,2000,0,1.191824e-02
2026-07-28T15:50:05.514,1785243005.515,19.703,5.883789e-02,3.262261e-03,4.760742e-02,7.080078e-02,2000,0,1.176758e-02
2026-07-28T15:50:05.614,1785243005.615,19.803,5.963391e-02,3.377689e-03,4.711914e-02,7.080078e-02,2000,0,1.192678e-02
2026-07-28T15:50:05.714,1785243005.715,19.903,5.871399e-02,3.299739e-03,4.858398e-02,7.128906e-02,2000,0,1.174280e-02
2026-07-28T15:50:05.814,1785243005.815,20.003,5.969946e-02,3.451842e-03,4.809570e-02,7.397461e-02,2000,0,1.193989e-02
2026-07-28T15:50:05.914,1785243005.915,20.103,5.965515e-02,3.545866e-03,4.882812e-02,7.373047e-02,2000,0,1.193103e-02
2026-07-28T15:50:06.014,1785243006.014,20.203,5.881042e-02,3.227026e-03,4.858398e-02,7.250977e-02,2000,0,1.176208e-02
2026-07-28T15:50:06.114,1785243006.115,20.303,5.847400e-02,3.341829e-03,4.687500e-02,6.884766e-02,2000,0,1.169480e-02
2026-07-28T15:50:06.214,1785243006.215,20.403,5.842810e-02,3.153217e-03,4.785156e-02,6.835938e-02,2000,0,1.168562e-02
2026-07-28T15:50:06.314,1785243006.315,20.503,5.871338e-02,3.388536e-03,4.663086e-02,7.153320e-02,2000,0,1.174268e-02
2026-07-28T15:50:06.414,1785243006.415,20.603,5.949353e-02,3.548663e-03,4.882812e-02,7.104492e-02,2000,0,1.189871e-02
2026-07-28T15:50:06.514,1785243006.515,20.703,5.831262e-02,3.315835e-03,4.833984e-02,7.080078e-02,2000,0,1.166252e-02
2026-07-28T15:50:06.614,1785243006.615,20.803,5.872314e-02,3.242801e-03,4.956055e-02,7.226562e-02,2000,0,1.174463e-02
2026-07-28T15:50:06.714,1785243006.715,20.903,5.839978e-02,3.436051e-03,4.711914e-02,7.446289e-02,2000,0,1.167996e-02
2026-07-28T15:50:06.814,1785243006.815,21.003,5.944507e-02,3.573895e-03,4.638672e-02,7.177734e-02,2000,0,1.188901e-02
2026-07-28T15:50:06.914,1785243006.915,21.103,5.931177e-02,3.457668e-03,4.907227e-02,7.128906e-02,2000,0,1.186235e-02
2026-07-28T15:50:07.014,1785243007.015,21.203,5.805493e-02,3.253096e-03,4.833984e-02,7.397461e-02,2000,0,1.161099e-02
2026-07-28T15:50:07.114,1785243007.115,21.303,5.930444e-02,3.518202e-03,4.980469e-02,7.226562e-02,2000,0,1.186089e-02
2026-07-28T15:50:07.214,1785243007.215,21.403,5.895435e-02,3.266429e-03,4.785156e-02,6.958008e-02,2000,0,1.179087e-02
2026-07-28T15:50:07.314,1785243007.315,21.503,5.832178e-02,3.339483e-03,4.760742e-02,6.982422e-02,2000,0,1.166436e-02
2026-07-28T15:50:07.414,1785243007.415,21.603,5.918384e-02,3.311947e-03,4.833984e-02,7.226562e-02,2000,0,1.183677e-02
2026-07-28T15:50:07.514,1785243007.515,21.703,5.870959e-02,3.208043e-03,4.711914e-02,7.006836e-02,2000,0,1.174192e-02
2026-07-28T15:50:07.614,1785243007.615,21.803,5.939197e-02,3.640127e-03,4.809570e-02,7.299805e-02,2000,0,1.187839e-02
2026-07-28T15:50:07.714,1785243007.715,21.903,5.872522e-02,3.658499e-03,4.785156e-02,7.373047e-02,2000,0,1.174504e-02
2026-07-28T15:50:07.814,1785243007.815,22.003,5.882349e-02,3.278223e-03,4.833984e-02,6.787109e-02,2000,0,1.176470e-02
2026-07-28T15:50:07.914,1785243007.915,22.103,5.909717e-02,3.420785e-03,4.711914e-02,7.177734e-02,2000,0,1.181943e-02
2026-07-28T15:50:08.014,1785243008.015,22.203,5.885803e-02,3.329363e-03,4.663086e-02,7.177734e-02,2000,0,1.177161e-02
2026-07-28T15:50:08.114,1785243008.114,22.303,5.958130e-02,3.766679e-03,4.833984e-02,7.177734e-02,2000,0,1.191626e-02
2026-07-28T15:50:08.214,1785243008.215,22.403,5.949854e-02,3.533277e-03,4.785156e-02,7.104492e-02,2000,0,1.189971e-02
2026-07-28T15:50:08.314,1785243008.315,22.503,5.871204e-02,3.370527e-03,4.760742e-02,7.373047e-02,2000,0,1.174241e-02
2026-07-28T15:50:08.414,1785243008.415,22.603,5.901917e-02,3.475179e-03,4.711914e-02,6.811523e-02,2000,0,1.180383e-02
2026-07-28T15:50:08.514,1785243008.515,22.703,5.991760e-02,3.702721e-03,4.809570e-02,7.592773e-02,2000,0,1.198352e-02
2026-07-28T15:50:08.614,1785243008.615,22.803,5.845288e-02,3.350567e-03,4.785156e-02,7.104492e-02,2000,0,1.169058e-02
2026-07-28T15:50:08.715,1785243008.715,22.903,6.004016e-02,3.577013e-03,4.711914e-02,7.153320e-02,2000,0,1.200803e-02
2026-07-28T15:50:08.814,1785243008.815,23.003,5.845837e-02,3.447029e-03,4.589844e-02,7.153320e-02,2000,0,1.169167e-02
2026-07-28T15:50:08.914,1785243008.915,23.103,5.932300e-02,3.693936e-03,4.833984e-02,7.202148e-02,2000,0,1.186460e-02
2026-07-28T15:50:09.014,1785243009.015,23.203,5.994019e-02,3.676394e-03,4.736328e-02,7.153320e-02,2000,0,1.198804e-02
2026-07-28T15:50:09.114,1785243009.115,23.303,5.894556e-02,3.404729e-03,4.492188e-02,6.958008e-02,2000,0,1.178911e-02
2026-07-28T15:50:09.214,1785243009.215,23.403,5.921448e-02,3.658235e-03,4.565430e-02,7.250977e-02,2000,0,1.184290e-02
2026-07-28T15:50:09.314,1785243009.315,23.503,5.897668e-02,3.502753e-03,4.467773e-02,7.177734e-02,2000,0,1.179534e-02
2026-07-28T15:50:09.414,1785243009.415,23.603,5.850476e-02,3.433998e-03,4.833984e-02,6.909180e-02,2000,0,1.170095e-02
2026-07-28T15:50:09.514,1785243009.515,23.703,5.836804e-02,3.480403e-03,4.833984e-02,7.373047e-02,2000,0,1.167361e-02
2026-07-28T15:50:09.614,1785243009.615,23.803,5.920496e-02,3.741370e-03,4.687500e-02,7.421875e-02,2000,0,1.184099e-02
2026-07-28T15:50:09.714,1785243009.715,23.903,5.995190e-02,3.814263e-03,4.614258e-02,7.202148e-02,2000,0,1.199038e-02
2026-07-28T15:50:09.814,1785243009.815,24.003,5.800317e-02,3.440455e-03,4.565430e-02,7.006836e-02,2000,0,1.160063e-02
2026-07-28T15:50:09.915,1785243009.915,24.103,5.798865e-02,3.564917e-03,4.736328e-02,7.080078e-02,2000,0,1.159773e-02
2026-07-28T15:50:10.014,1785243010.015,24.203,5.872644e-02,3.645773e-03,4.663086e-02,7.275391e-02,2000,0,1.174529e-02
2026-07-28T15:50:10.114,1785243010.115,24.303,5.834399e-02,3.633141e-03,4.443359e-02,6.982422e-02,2000,0,1.166880e-02
2026-07-28T15:50:10.214,1785243010.215,24.403,5.952014e-02,4.022822e-03,4.663086e-02,7.348633e-02,2000,0,1.190403e-02
2026-07-28T15:50:10.314,1785243010.315,24.503,5.849231e-02,3.595462e-03,4.760742e-02,7.495117e-02,2000,0,1.169846e-02
2026-07-28T15:50:10.414,1785243010.415,24.603,5.796204e-02,3.637755e-03,4.589844e-02,6.958008e-02,2000,0,1.159241e-02
2026-07-28T15:50:10.515,1785243010.515,24.703,5.937720e-02,3.750324e-03,4.785156e-02,7.397461e-02,2000,0,1.187544e-02
2026-07-28T15:50:10.614,1785243010.615,24.803,5.800720e-02,3.517909e-03,4.443359e-02,7.153320e-02,2000,0,1.160144e-02
2026-07-28T15:50:10.714,1785243010.715,24.903,5.850549e-02,3.597525e-03,4.418945e-02,7.031250e-02,2000,0,1.170110e-02
2026-07-28T15:50:10.814,1785243010.815,25.003,5.857324e-02,3.791528e-03,4.589844e-02,7.153320e-02,2000,0,1.171465e-02
2026-07-28T15:50:10.914,1785243010.915,25.103,5.945886e-02,3.750473e-03,4.760742e-02,7.348633e-02,2000,0,1.189177e-02
2026-07-28T15:50:11.014,1785243011.015,25.203,5.880286e-02,3.635621e-03,4.736328e-02,7.080078e-02,2000,0,1.176057e-02
2026-07-28T15:50:11.114,1785243011.115,25.303,5.863745e-02,3.385985e-03,4.687500e-02,6.958008e-02,2000,0,1.172749e-02
2026-07-28T15:50:11.214,1785243011.215,25.403,5.909851e-02,3.682649e-03,4.565430e-02,7.275391e-02,2000,0,1.181970e-02
2026-07-28T15:50:11.314,1785243011.315,25.503,5.951733e-02,3.691273e-03,4.833984e-02,7.226562e-02,2000,0,1.190347e-02
2026-07-28T15:50:11.414,1785243011.415,25.603,5.857727e-02,3.550571e-03,4.565430e-02,6.982422e-02,2000,0,1.171545e-02
2026-07-28T15:50:11.514,1785243011.515,25.703,5.958044e-02,3.626617e-03,4.760742e-02,7.446289e-02,2000,0,1.191609e-02
2026-07-28T15:50:11.614,1785243011.615,25.803,5.819226e-02,3.349660e-03,4.614258e-02,6.982422e-02,2000,0,1.163845e-02
2026-07-28T15:50:11.714,1785243011.715,25.903,5.989819e-02,3.594645e-03,4.516602e-02,7.397461e-02,2000,0,1.197964e-02
2026-07-28T15:50:11.814,1785243011.815,26.003,5.866736e-02,3.416369e-03,4.882812e-02,6.982422e-02,2000,0,1.173347e-02
2026-07-28T15:50:11.914,1785243011.915,26.103,5.909888e-02,3.532929e-03,4.809570e-02,7.128906e-02,2000,0,1.181978e-02
2026-07-28T15:50:12.014,1785243012.015,26.203,5.966125e-02,3.749659e-03,4.760742e-02,7.104492e-02,2000,0,1.193225e-02
2026-07-28T15:50:12.115,1785243012.115,26.303,5.809717e-02,3.295680e-03,4.736328e-02,6.982422e-02,2000,0,1.161943e-02
2026-07-28T15:50:12.214,1785243012.215,26.403,5.934827e-02,3.403353e-03,4.882812e-02,7.397461e-02,2000,0,1.186965e-02
2026-07-28T15:50:12.314,1785243012.315,26.503,5.989941e-02,3.528494e-03,4.785156e-02,7.348633e-02,2000,0,1.197988e-02
2026-07-28T15:50:12.414,1785243012.415,26.603,5.862488e-02,3.321006e-03,4.467773e-02,6.933594e-02,2000,0,1.172498e-02
2026-07-28T15:50:12.514,1785243012.515,26.703,5.922803e-02,3.527654e-03,4.589844e-02,7.031250e-02,2000,0,1.184561e-02
2026-07-28T15:50:12.614,1785243012.615,26.803,5.848169e-02,3.357181e-03,4.663086e-02,7.006836e-02,2000,0,1.169634e-02
2026-07-28T15:50:12.714,1785243012.715,26.903,5.912000e-02,3.550172e-03,4.833984e-02,7.080078e-02,2000,0,1.182400e-02
2026-07-28T15:50:12.814,1785243012.815,27.003,5.790564e-02,3.417468e-03,4.785156e-02,6.860352e-02,2000,0,1.158113e-02
2026-07-28T15:50:12.914,1785243012.915,27.103,5.969165e-02,3.741107e-03,4.858398e-02,7.202148e-02,2000,0,1.193833e-02
2026-07-28T15:50:13.014,1785243013.015,27.203,5.866492e-02,3.306637e-03,4.663086e-02,6.835938e-02,2000,0,1.173298e-02
2026-07-28T15:50:13.116,1785243013.116,27.303,5.783850e-02,3.326847e-03,4.663086e-02,6.689453e-02,2000,0,1.156770e-02
2026-07-28T15:50:13.214,1785243013.215,27.403,5.962585e-02,3.664263e-03,4.736328e-02,7.250977e-02,2000,0,1.192517e-02
2026-07-28T15:50:13.314,1785243013.314,27.503,5.834998e-02,3.389825e-03,4.785156e-02,6.933594e-02,2000,0,1.167000e-02
2026-07-28T15:50:13.414,1785243013.415,27.603,5.828821e-02,3.354933e-03,4.833984e-02,6.860352e-02,2000,0,1.165764e-02
2026-07-28T15:50:13.514,1785243013.515,27.703,5.924011e-02,3.743578e-03,4.052734e-02,7.324219e-02,2000,0,1.184802e-02
2026-07-28T15:50:13.614,1785243013.615,27.803,5.858179e-02,3.553874e-03,4.663086e-02,6.909180e-02,2000,0,1.171636e-02
2026-07-28T15:50:13.714,1785243013.715,27.903,5.941626e-02,3.724012e-03,4.833984e-02,7.128906e-02,2000,0,1.188325e-02
2026-07-28T15:50:13.814,1785243013.815,28.003,5.964111e-02,3.843606e-03,4.760742e-02,7.348633e-02,2000,0,1.192822e-02
2026-07-28T15:50:13.914,1785243013.915,28.103,5.982336e-02,3.907312e-03,4.785156e-02,7.299805e-02,2000,0,1.196467e-02
2026-07-28T15:50:14.014,1785243014.015,28.203,5.956641e-02,3.745604e-03,4.785156e-02,7.250977e-02,2000,0,1.191328e-02
2026-07-28T15:50:14.115,1785243014.115,28.303,5.941089e-02,3.727233e-03,4.736328e-02,7.226562e-02,2000,0,1.188218e-02
2026-07-28T15:50:14.214,1785243014.215,28.403,5.999878e-02,3.865055e-03,4.809570e-02,7.275391e-02,2000,0,1.199976e-02
2026-07-28T15:50:14.314,1785243014.315,28.503,5.862183e-02,3.520926e-03,4.711914e-02,7.006836e-02,2000,0,1.172437e-02
2026-07-28T15:50:14.414,1785243014.415,28.603,5.952905e-02,3.826233e-03,4.687500e-02,7.226562e-02,2000,0,1.190581e-02
2026-07-28T15:50:14.515,1785243014.515,28.703,5.871301e-02,4.058575e-03,4.467773e-02,7.324219e-02,2000,0,1.174260e-02
2026-07-28T15:50:14.614,1785243014.615,28.803,5.967603e-02,3.775069e-03,4.736328e-02,7.177734e-02,2000,0,1.193521e-02
2026-07-28T15:50:14.714,1785243014.715,28.903,5.823340e-02,3.547292e-03,4.687500e-02,7.055664e-02,2000,0,1.164668e-02
2026-07-28T15:50:14.814,1785243014.815,29.003,5.988013e-02,3.761982e-03,4.736328e-02,7.299805e-02,2000,0,1.197603e-02
2026-07-28T15:50:14.914,1785243014.915,29.103,5.968848e-02,3.967024e-03,4.492188e-02,7.055664e-02,2000,0,1.193770e-02
2026-07-28T15:50:15.014,1785243015.015,29.203,5.822388e-02,3.607840e-03,4.443359e-02,7.080078e-02,2000,0,1.164478e-02
2026-07-28T15:50:15.114,1785243015.115,29.303,5.834900e-02,3.475233e-03,4.516602e-02,7.006836e-02,2000,0,1.166980e-02
2026-07-28T15:50:15.214,1785243015.215,29.403,5.954358e-02,3.657374e-03,4.467773e-02,7.397461e-02,2000,0,1.190872e-02
2026-07-28T15:50:15.314,1785243015.314,29.503,5.839294e-02,3.496201e-03,4.687500e-02,7.104492e-02,2000,0,1.167859e-02
2026-07-28T15:50:15.414,1785243015.415,29.603,5.931421e-02,3.760341e-03,4.492188e-02,7.275391e-02,2000,0,1.186284e-02
2026-07-28T15:50:15.514,1785243015.515,29.703,5.892859e-02,3.828523e-03,4.467773e-02,7.006836e-02,2000,0,1.178572e-02
2026-07-28T15:50:15.614,1785243015.615,29.803,5.821277e-02,3.768145e-03,4.467773e-02,7.373047e-02,2000,0,1.164255e-02
2026-07-28T15:50:15.715,1785243015.716,29.903,5.810156e-02,3.570491e-03,4.345703e-02,7.080078e-02,2000,0,1.162031e-02
